<?xml version="1.0" encoding="UTF-8" standalone="no"?>
<!DOCTYPE properties SYSTEM "http://java.sun.com/dtd/properties.dtd">

<properties>
    <comment>Structre that simulates kafka message for POS </comment>
    <entry key="model_name">I09N</entry>
    <entry key="model_version">0.11.0</entry>
    <entry key="i09n_action">Malware Analysis</entry>
    <entry key="i09n_code">MALWARE_ANALYSIS</entry>
    <entry key="i09n_id">1</entry>
    <entry key="i09n_request">Malware Analysis</entry>    
    <entry key="I07N_model_name">I07N</entry>    
    <entry key="I07N_model_version">0.13.0</entry>
    <entry key="event_id">vytxeTZskVKR7C7WgdSP3d</entry>
    <entry key="event_ts">yyyy-MM-dd'T'HH:mm:ss'.'SSSSSSSZ</entry>
    <entry key="n05k_transport">TCP</entry>
    <entry key="n05k_src_address_ipv4">10.2.2.54,10.2.1.0/24,10.4.1.10-10.4.1.99</entry>
    <entry key="n05k_src_port">80</entry>
    <entry key="n05k_dst_address_ipv4">10.10.2.88,10.5.7.0/25,10.8.6.10-1.8.6.99</entry>
    <entry key="n05k_dst_port">33843</entry>
    <entry key="i07n_signature_id"></entry>            
    <entry key="i07n_signature_name"></entry>            
    <entry key="n05k_dst_hostname">jsonformatter.curiousconcept.com,
                                    tutorialspoint.com,
                                    google.com,
                                    yahoo.com,
                                    homestay.com,
                                    ozhomestay.com,
                                    homestaynetwork.com,
                                    auzziefamilies.com</entry>    
    <entry key="h02p_url">/community/questions/how-keep-my-app-running-after-close-putty-f82aab17-ca84-46a0-8a39-3e25f1dd2d4,
                        /data/5s/draft/2016/draft_pick.json,        
                        /da/buy/apple-iphone-se-64gb-rose-gold-apple/,
                        /da/shop/brands/?ref=header-link,
                        /da/dse/,
                        /how-to-set-up-and-use-yum-repositories-on-a-centos-6-vps,
                        /community/questions,
                        /community/questions/how-keep-my-app-running-after-close-putty-f82aab17-ca84-46a0-8a39-3e25f1dd2d45,
                        /pro/digitalocean/?utm_source=do_community,
                        /community/tutorials/how-to-provision-and-manage-remote-docker-hosts-with-docker-machine-on-centos-7,
                        /community/questions/digital-ocean-locked-need-to-unlock,
                        /2013/01/22/how-to-clear-vlcs-network-history-list/,
                        /en-US/docs/Tools/Debugger/How_to/Set_a_breakpoint,
                        /en-US/docs/Tools/Remote_Debugging/Firefox_for_Android</entry> 
    <entry key="h02p_referrer">http://support.sas.com/documentation/cdl/en/mcrolref/61885/HTML/default/a000206943.html,
                                http://www.nba.com/draft/2016/worker.js,
                                http://www.cdn.lynda.com/abc/ds1234/ds/worker,
                                <![CDATA[http://www.jsonformatter.curiousconcept.com/vftr/&efdf/dcsdd345]]>,
                                http://www.tutorialspoint.com/adsre/4556,
                                http://www.google.com/dvftu/355vfgfg/dfe545,
                                http://www.yahoo.com/dvdfgrt/4546f/dfdfer,
                                <![CDATA[http://www.homestay.com/dfertr/4546&dfd345fgf]]>,
                                http://www.ozhomestay.com/sdsr/home/index/dfr454,
                                http://www.homestaynetwork.com/vfgt/index/dfd4564,
                                http://www.auzziefamilies.com/dcvdtd/45/index/454,
                                http://www.meridianhomestay.com/dfdt/jdftgr/576fgf,
                                http://www.globalexperience.com/dfdt/45456/fgrftr6,
                                http://www.pethomestay.com/home/45456,
                                http://www.10gigspeedtest.com/dfgrftr/567/index,
                                http://www.10hillsideave.com/dfdt/45656,
                                http://www.1150mountwhitney.com/dfvdftf/5657df/drdt,
                                http://www.jibiti.com/dfgftyrty/567,
                                http://www.jilebbs.com/fbfyh/index/45456/contactus/ere535,
                                http://www.jjpyc.com/home/345/dfdf345</entry> 
    <entry key="f02e_name">Ibgsijd.exe</entry> 
    <entry key="f02e_hash">08F83D98B18D3DFF16C35A20E24ED49A,
                        c0d2b08657b07dfb04cb2fdcd77b2822,
                        8d1b69dd9bdc9df4a8073c7a8193c7af,
                        35d0e0b801444bb1f4c2115720f8e4f6,
                        8d1b69dd9bdc9df4a8073c7a8193c7af,
                        d85aedbbb74d96b1dcfde4dfb196f934,
                        353dc29e82dcc2cb811794c9d32d82d4,
                        cf75e71be05a7e6548b2b12504874bc5,
                        8473055cb279114a35e7b871ed2f8cb6</entry> 
    <entry key="f02e_type">PE32 executable for MS Windows (DLL) (GUI) Intel 80386 32-bit</entry> 
    <entry key="i09n_target">https://172.4.1.18</entry> 
    <entry key="i09n_is_action">TRUE</entry>
</properties>        

    
    
    

