<?xml version="1.0" encoding="UTF-8" standalone="no"?>
<!DOCTYPE properties SYSTEM "http://java.sun.com/dtd/properties.dtd">

<properties>
    <comment>Structre that simulates kafka message for POS </comment>
    <entry key="event_id">vytxeTZskVKR7C7WgdSP3d,rttxeTZjf5KR7C7Wgd6h3d,nhtxeTZskVKR7CfdrdS2ed</entry>
    <entry key="event_ts">yyyy-MM-dd'T'HH:mm:ss'+'SSSSSSSZ</entry>
    <entry key="integration_tag">CONTEXTUAL_REQUEST,MALWARE_ANALYSIS,KIBANA,OE</entry>
    <entry key="file_hash">F7272BB1374BF3AF193EA1D1845B27FD,
        0003C07AF5665937CF26705A9692190C,
        24D76ABBC0A10E4C977A28B33C879248,
        909E1B840909522FE6BA3D4DFD197D93,
        1D0E79FEB6D7ED23EB1BF7F257CE4FEE,
        5D0FFBC8389F27B0649696F0EF5B3CFE,
        F318A00A19249FAAAD1EDBA14C635384,
        cf75e71be05a7e6548b2b12504874bc5,
        8473055cb279114a35e7b871ed2f8cb6</entry>
</properties>                      
    
    
    

